Name,Mean,MeanLB,MeanUB,Stddev,StddevLB,StddevUB
benchmark_reader_reader/1,5.136351844892426e-8,5.107104538559821e-8,5.167218917496761e-8,1.0299001621230281e-9,8.576339088895275e-10,1.2058386175461465e-9
benchmark_reader_reader/2,5.551656411439014e-8,5.502505333014646e-8,5.596212477773494e-8,1.6117870234130643e-9,1.4450331697081212e-9,1.8390293660236984e-9
benchmark_reader_reader/3,5.351076517311478e-8,5.3053512268504266e-8,5.3982063738391645e-8,1.5166042754011713e-9,1.289704213721334e-9,1.7956841210331435e-9
benchmark_reader_reader/4,5.67600132621298e-8,5.615604224068645e-8,5.723771160811507e-8,1.8650289478312683e-9,1.457896216631921e-9,2.4436421239510724e-9
benchmark_reader_reader/5,5.411497782854145e-8,5.382322468230996e-8,5.437990380625752e-8,9.53897116147027e-10,6.831069501182032e-10,1.3761736712257562e-9
benchmark_reader_reader/6,5.3921498981743436e-8,5.354561664406661e-8,5.414280923301619e-8,9.380012503742891e-10,6.351547048398425e-10,1.5592508545510878e-9
benchmark_reader_reader/7,5.5812405695284e-8,5.560392795715819e-8,5.598433143694577e-8,6.207232154189514e-10,3.6889082202108186e-10,1.0689396756177285e-9
benchmark_reader_reader/8,5.36730656047088e-8,5.3346533518912985e-8,5.3899021501921935e-8,9.188455693202387e-10,6.717958289578751e-10,1.3078446313332065e-9
benchmark_reader_reader/9,5.319165665916645e-8,5.2680764438314316e-8,5.370026716818011e-8,1.7074188999607794e-9,1.4048856387002398e-9,2.105073352129633e-9
benchmark_reader_reader/10,5.4024426526873966e-8,5.3706456855162714e-8,5.440869771011334e-8,1.1600800779016359e-9,6.86398054850664e-10,2.0454981689781767e-9
benchmark_reader_reader/11,5.4532271881707934e-8,5.399945729122886e-8,5.5097525636547416e-8,1.843115561303014e-9,1.460646664666798e-9,2.45645133548033e-9
benchmark_reader_reader/12,5.5038497622039095e-8,5.4577335917303036e-8,5.535461041778153e-8,1.3247083153125317e-9,1.0138963485434773e-9,1.7070836493284482e-9
benchmark_reader_reader/13,5.387461319448096e-8,5.355559831679103e-8,5.410565873523918e-8,9.183678900068597e-10,6.702988004028424e-10,1.3097291201500071e-9
benchmark_reader_reader/14,5.455845762885924e-8,5.4112112286775866e-8,5.505445105302993e-8,1.587296884083669e-9,1.2108588109929215e-9,2.4298363652395443e-9
benchmark_reader_reader/15,5.663732303382586e-8,5.622814323402131e-8,5.6929253868375925e-8,1.1888203947423147e-9,8.669093210439157e-10,1.6018423571070935e-9
benchmark_reader_reader/16,5.3840301862287347e-8,5.3521778220007514e-8,5.4229424682814784e-8,1.2021121199243509e-9,8.927139959327103e-10,1.8384721371820973e-9
benchmark_reader_reader/17,5.4009149688390626e-8,5.3692370547415034e-8,5.43587204947309e-8,1.1373772055635421e-9,9.73339378111682e-10,1.3785851282285494e-9
benchmark_reader_reader/18,5.438096951212716e-8,5.397142206826715e-8,5.476277693023865e-8,1.360527349906462e-9,1.1082505790969052e-9,1.7083347496769488e-9
benchmark_reader_reader/19,5.442253584459985e-8,5.410406899306725e-8,5.475901832328042e-8,1.1004071906426757e-9,9.139332107624681e-10,1.4231783207585418e-9
benchmark_reader_reader/20,5.618451540975698e-8,5.553530388369209e-8,5.6835269569742745e-8,2.1339613091615083e-9,1.8428008885396603e-9,2.469197724042527e-9
benchmark_reader_reader/21,5.567439190303527e-8,5.531497057569726e-8,5.5986242195894726e-8,1.148652286114378e-9,9.022586764846933e-10,1.4669475636744941e-9
benchmark_reader_reader/22,5.4857685006495707e-8,5.456778994981613e-8,5.522504536735986e-8,1.0826275010891938e-9,8.94528506950501e-10,1.318560790188614e-9
benchmark_reader_reader/23,5.5945788952782465e-8,5.548812300425965e-8,5.6352651425112945e-8,1.562643975143433e-9,1.2996551406142346e-9,1.862361771942108e-9
benchmark_reader_reader/24,5.519737199933796e-8,5.493234591373747e-8,5.546653805788195e-8,9.059970038098827e-10,7.327861566802922e-10,1.227921010977409e-9
benchmark_reader_reader/25,5.5409690997496014e-8,5.498716637439799e-8,5.578114729001282e-8,1.3834682299421041e-9,1.097865420196122e-9,1.7304195543637257e-9
benchmark_reader_reader/26,5.4277958877068674e-8,5.392054788187545e-8,5.4689583839064284e-8,1.3061028943686952e-9,1.0689937146655754e-9,1.6226640463310438e-9
benchmark_reader_reader/27,5.5460633121227006e-8,5.5183187542730096e-8,5.581582414793231e-8,1.0799742622922195e-9,7.851032514470053e-10,1.6960836180095966e-9
benchmark_reader_reader/28,5.403749391485255e-8,5.377905388780067e-8,5.439919041778448e-8,1.0082769620624097e-9,7.339609595086747e-10,1.5627654364882644e-9
benchmark_reader_reader/29,5.5749163018767346e-8,5.5380499770299446e-8,5.596528039453861e-8,9.254822784411108e-10,6.514914072850025e-10,1.4913057909825954e-9
benchmark_reader_reader/30,5.440858911610268e-8,5.422342378702747e-8,5.45893242831217e-8,6.03744518170188e-10,5.03094083324784e-10,7.559415240176174e-10
benchmark_reader_reader/31,5.63758755036243e-8,5.602817009333428e-8,5.669257868722094e-8,1.116620242435314e-9,9.752344585987256e-10,1.3336797322678947e-9
benchmark_reader_reader/32,5.51196386972688e-8,5.472328530405099e-8,5.5367532400813555e-8,1.0139657318244616e-9,7.938253703652255e-10,1.5228568082183296e-9
benchmark_reader_reader/33,5.4871034023788894e-8,5.44981933777554e-8,5.5200471190924064e-8,1.153696271842517e-9,9.316030574456948e-10,1.4251324239002964e-9
benchmark_reader_reader/34,5.433589575727706e-8,5.4019064502945e-8,5.487036450611562e-8,1.3120783646845542e-9,9.323987129954723e-10,2.2119171293389336e-9
benchmark_reader_reader/35,5.457962216891447e-8,5.419641665524426e-8,5.4900451087126156e-8,1.217369563570959e-9,1.0671919199152444e-9,1.417818138987071e-9
benchmark_reader_reader/36,5.573383071175778e-8,5.53575635680074e-8,5.612572775182799e-8,1.2999157507237097e-9,9.365177666277203e-10,2.0335850514107738e-9
benchmark_reader_reader/37,5.496241101044632e-8,5.4605926533091596e-8,5.532239283709171e-8,1.2392408683792365e-9,1.026725173414001e-9,1.5387561042819244e-9
benchmark_reader_reader/38,5.545110697196004e-8,5.511250786195462e-8,5.578078909341491e-8,1.113168083776472e-9,8.973916507903441e-10,1.5514257716196416e-9
benchmark_reader_reader/39,5.4927957673161895e-8,5.4531170086342914e-8,5.541206397339694e-8,1.5465227029366692e-9,1.2443981397110292e-9,2.134529097651673e-9
benchmark_reader_reader/40,5.4799199973590715e-8,5.432804342028936e-8,5.531295610357917e-8,1.6657117841617865e-9,1.4303568340046648e-9,1.9463817241316942e-9
benchmark_reader_reader/41,5.5425799324208155e-8,5.496114163795749e-8,5.5822139819140625e-8,1.467738302506677e-9,1.1313898725339867e-9,2.0105975324300875e-9
benchmark_reader_reader/42,5.3614841849062544e-8,5.321082332439334e-8,5.4050014051723434e-8,1.4009098838796404e-9,1.1473769307069623e-9,1.7657294796495292e-9
benchmark_reader_reader/43,5.626244392045017e-8,5.5782081534621917e-8,5.670488849878994e-8,1.6171313268211866e-9,1.4768289707138833e-9,1.7840772542285337e-9
benchmark_reader_reader/44,5.461162637201635e-8,5.4129557010816654e-8,5.520051985865461e-8,1.7824044248795258e-9,1.4684927266324848e-9,2.353326425244723e-9
benchmark_reader_reader/45,5.4941473360904874e-8,5.4414665317825685e-8,5.556851837952585e-8,1.890576304470288e-9,1.5763860104587376e-9,2.324678343843771e-9
benchmark_reader_reader/46,5.643575849777172e-8,5.5660373140965e-8,5.743316331507548e-8,2.861334068383481e-9,2.342980851413419e-9,3.63953710776986e-9
benchmark_reader_reader/47,5.423829903308416e-8,5.378106369593808e-8,5.463796254407343e-8,1.4602955127093584e-9,1.2207514298018153e-9,1.7844790254203845e-9
benchmark_reader_reader/48,5.4245426024192e-8,5.372184993222096e-8,5.471355566223348e-8,1.6950645033188278e-9,1.452824142043922e-9,2.064474559676404e-9
benchmark_reader_reader/49,5.435348335254616e-8,5.404481096579337e-8,5.477161469739513e-8,1.2119601226410044e-9,8.501210672183485e-10,1.880688520578199e-9
benchmark_reader_reader/50,5.473072759020365e-8,5.4315256213023104e-8,5.5380615006707447e-8,1.6787223318567171e-9,1.1222532671286299e-9,2.5411716604277266e-9
Name,Mean,MeanLB,MeanUB,Stddev,StddevLB,StddevUB
Name,Mean,MeanLB,MeanUB,Stddev,StddevLB,StddevUB
benchmark_reader_reader/200,5.872718223255952e-4,5.8229687545092e-4,5.920070709558582e-4,1.6347746865174955e-5,1.3347734752903134e-5,1.944336175804221e-5
benchmark_reader_reader/400,1.4764033003649686e-3,1.4635308133078167e-3,1.5105173114389392e-3,6.752495672176386e-5,2.5373823528127516e-5,1.3499160554618397e-4
benchmark_reader_reader/800,3.7282805790923045e-3,3.698364843709345e-3,3.786420079701612e-3,1.3453798432579435e-4,7.571576152062026e-5,2.3725320652062632e-4
benchmark_reader_reader/1600,1.197990234829281e-2,1.1803928715601075e-2,1.2218117098197548e-2,5.227250711136184e-4,3.719171136566574e-4,8.20465866894085e-4
benchmark_reader_reader/3200,3.2012131708439175e-2,3.1123489575216583e-2,3.458282160770657e-2,2.7871180219763434e-3,1.2246715268728673e-3,4.969939842967092e-3
benchmark_reader_reader/6400,8.873507034391555e-2,8.695411756613827e-2,9.13590864814816e-2,3.413329830462431e-3,1.8997220392054969e-3,4.468591265869516e-3
benchmark_reader_reader/12800,0.19275674666666598,0.1850180799999992,0.20654399166666515,1.3266961505275307e-2,6.422086841303403e-3,1.8335134282605584e-2
benchmark_reader_reader/25600,0.41773406666666785,0.4050380791666675,0.4293279250000017,1.3512172926353571e-2,1.0700516666667909e-2,1.4901150640164108e-2
benchmark_reader_reader/51200,0.8858088395833342,0.8505602666666678,0.9215732875000011,4.55218054890901e-2,1.916321768485397e-2,6.105358815374265e-2
Name,Mean,MeanLB,MeanUB,Stddev,StddevLB,StddevUB
benchmark_reader_reader/200,5.851283258599258e-4,5.797747464975522e-4,6.022685612505807e-4,2.9201724590573164e-5,7.465017714644829e-6,5.9665074657085024e-5
benchmark_reader_reader/400,1.4519949260882782e-3,1.444128879901184e-3,1.4602406394217077e-3,2.61671852508184e-5,2.1048738386766944e-5,3.3857711226723564e-5
benchmark_reader_reader/800,3.6663515454044135e-3,3.6467386882162943e-3,3.68910717449684e-3,6.787038814468534e-5,5.196675827132456e-5,9.279386376235074e-5
benchmark_reader_reader/1600,1.1871101455578655e-2,1.1691871156004749e-2,1.2152277638230919e-2,5.816805694366629e-4,3.817512650611926e-4,1.0300599437566096e-3
benchmark_reader_reader/3200,3.0917951825352247e-2,3.0441953495626485e-2,3.162410449315017e-2,1.2385387368542217e-3,8.779407294106125e-4,1.6793096453765334e-3
benchmark_reader_reader/6400,8.007261636904746e-2,7.830508178571408e-2,8.118244520238091e-2,2.3748497913273995e-3,1.4237061345141165e-3,3.8547414125549924e-3
benchmark_reader_reader/12800,0.1878851705555548,0.17796985666666684,0.19528813833333192,1.1889638272416375e-2,7.451230042750355e-3,1.824738029643146e-2
benchmark_reader_reader/25600,0.41909829583333336,0.4116268375000014,0.42512616666666503,7.992421893341137e-3,4.44401898202493e-3,1.0849306450989023e-2
benchmark_reader_reader/51200,0.8902891104166666,0.8717514208333332,0.9088267999999999,2.1425651942301713e-2,1.8498053758907323e-2,2.2277190040492438e-2
benchmark_reader_reader/102400,2.150023064583334,2.066118804166668,2.289031012499999,0.13311751521470253,2.1752975241077083e-2,0.17138903991890675
